{
  "project_info": {
    "project_number": "603947540204",
    "project_id": "forcursovayadanilov",
    "storage_bucket": "forcursovayadanilov.appspot.com"
  },
  "client": [
    {
      "client_info": {
        "mobilesdk_app_id": "1:603947540204:android:b27ac4db521525dabe8fc9",
        "android_client_info": {
          "package_name": "com.example.forcursovayadanilov"
        }
      },
      "oauth_client": [],
      "api_key": [
        {
          "current_key": "AIzaSyCFuNx-2OAGiIg6rBs5riYoVc19mNb11bE"
        }
      ],
      "services": {
        "appinvite_service": {
          "other_platform_oauth_client": []
        }
      }
    }
  ],
  "configuration_version": "1"
}